Campaign,Keyword,Match Type
SysConf - Pesquisa BR,grátis,Phrase
SysConf - Pesquisa BR,gratis,Phrase
SysConf - Pesquisa BR,gratuito,Phrase
SysConf - Pesquisa BR,curso,Phrase
SysConf - Pesquisa BR,cursos,Phrase
SysConf - Pesquisa BR,apostila,Phrase
SysConf - Pesquisa BR,pdf,Phrase
SysConf - Pesquisa BR,download,Phrase
SysConf - Pesquisa BR,emprego,Phrase
SysConf - Pesquisa BR,vaga,Phrase
SysConf - Pesquisa BR,vagas,Phrase
SysConf - Pesquisa BR,salário,Phrase
SysConf - Pesquisa BR,estágio,Phrase
SysConf - Pesquisa BR,o que é,Phrase
SysConf - Pesquisa BR,como fazer,Phrase
SysConf - Pesquisa BR,planilha grátis,Phrase
SysConf - Pesquisa BR,excel,Phrase
SysConf - Pesquisa BR,mercado livre,Phrase
SysConf - Pesquisa BR,olx,Phrase
SysConf - Pesquisa BR,app grátis,Phrase
SysConf - Pesquisa BR,definição,Phrase
SysConf - Pesquisa BR,significado,Phrase
